34,2022-02-24,,2022-05-17
34,2022-02-24,,2022-05-17
34,2022-02-24,,2022-05-17
34,2022-02-24,,2022-05-17
34,2022-02-24,2022-04-07,2022-05-17
34,2022-03-01,,2022-05-18
47,2022-03-01,,2022-05-20
34,2022-03-01,,2022-05-20
34,2022-03-01,2022-04-11,2022-05-20
47,2022-02-28,2022-04-09,2022-05-20
83,2022-03-13,,2022-05-10
46,2022-03-13,2022-04-24,2022-05-10
4605,2022-02-13,2022-03-22,2022-05-15
70,2022-02-23,2022-04-06,2022-05-17
13,2022-02-23,,2022-05-20
90,2022-02-23,2022-04-06,2022-05-17
66,2022-02-22,2022-04-06,2022-05-18
10,2022-02-19,2022-04-05,2022-05-17
90,2022-02-23,2022-04-06,2022-05-17
83,2022-02-16,2022-04-02,2022-05-19
83,2022-02-12,2022-03-27,2022-05-12
34,2022-03-13,2022-04-25,2022-05-10
83,2022-02-17,2022-04-03,2022-05-19
34,2022-02-25,,2022-05-18
13,2022-02-11,,2022-05-17
35,2022-02-26,,2022-05-17
04,2022-02-14,2022-03-25,2022-05-06
0505,2022-02-08,2022-03-25,2022-05-06
05,2022-02-15,2022-04-03,2022-05-10
05,2022-02-25,,2022-05-09
10,2022-01-03,2022-03-19,2022-05-09
1003,2022-01-21,2022-03-09,2022-05-06
10,2022-02-19,,2022-05-09
10,2022-03-09,,2022-05-09
1308,2022-02-06,,2022-05-06
1308,2022-02-06,2022-03-25,2022-05-07
13,2022-02-23,2022-04-06,2022-05-09
13,2022-03-06,,2022-05-09
13,2022-03-10,2022-04-19,2022-05-10
1606,2022-02-11,2022-03-30,2022-05-10
16,2022-02-21,2022-04-12,2022-05-07
16,2022-03-10,2022-04-19,2022-05-10
17,2022-03-10,2022-04-17,2022-05-11
1805,2022-02-14,2022-03-29,2022-05-10
18,2022-03-22,,2022-05-06
2304,2022-02-13,2022-03-28,2022-05-08
23,2022-02-18,2022-03-31,2022-05-08
23,2022-02-18,,2022-05-10
24,2022-03-02,,2022-05-06
24,2022-03-02,,2022-05-10
3204,2022-01-27,2022-03-16,2022-05-06
32,2022-02-19,2022-04-04,2022-05-11
32,2022-03-22,,2022-05-06
3410,2022-02-04,2022-03-19,2022-05-06
34,2022-02-05,2022-03-20,2022-05-07
34,2022-02-09,,2022-05-07
3412,2022-02-09,2022-03-26,2022-05-10
3413,2022-02-12,2022-03-27,2022-05-05
34,2022-02-12,,2022-05-06
34,2022-02-17,,2022-05-08
34,2022-02-18,,2022-05-07
34,2022-02-18,,2022-05-09
34,2022-02-18,,2022-05-09
34,2022-02-19,,2022-05-10
34,2022-02-20,,2022-05-06
34,2022-02-20,,2022-05-09
34,2022-02-20,,2022-05-06
34,2022-02-20,,2022-05-10
34,2022-02-24,2022-04-07,2022-05-16
34,2022-02-25,,2022-05-14
34,2022-02-28,,2022-05-09
34,2022-03-08,2022-04-15,2022-05-06
34,2022-03-13,,2022-05-10
3501,2022-01-01,2022-02-10,2022-05-06
3507,2022-02-14,2022-03-29,2022-05-10
35,2022-02-26,,2022-05-10
35,2022-03-05,2022-04-14,2022-05-10
35,2022-03-11,,2022-05-11
47,2022-02-18,2022-03-30,2022-05-10
47,2022-02-22,2022-04-05,2022-05-09
51,2022-02-25,2022-04-06,2022-05-10
51,2022-03-15,,2022-05-06
51,2022-03-15,,2022-05-10
6204,2022-02-07,2022-03-21,2022-05-09
65,2022-02-16,2022-04-02,2022-05-10
65,2022-02-16,,2022-05-10
83,2022-03-05,2022-04-14,2022-05-11
85,2022-01-31,,2022-05-07
85,2022-03-15,2022-04-23,2022-05-10
31,2022-03-15,2022-04-24,2022-05-12
35,,,2022-05-13
34,,,2022-05-15
61,,,2022-05-15
13,,,2022-05-15
35,,,2022-05-15
56,2022-02-21,2022-04-08,2022-05-17
05,,,2022-05-15
13,,,2022-05-15
35,,,2022-05-15
32,2022-02-18,,2022-05-17
05,2022-02-25,,2022-05-15
34,2022-02-28,,2022-05-15
47,2022-02-26,2022-04-10,2022-05-19
83,,,2022-05-15
46,2022-02-21,,2022-05-15
05,2022-02-16,,2022-05-15
35,2022-02-16,,2022-05-13
35,,,2022-05-13
83,,,2022-05-12
62,,,2022-05-12
61,,,2022-05-12
10,,,2022-05-17
83,2022-02-12,,2022-05-12
1309,2022-02-11,2022-03-30,2022-05-17
35,2022-02-15,,2022-05-15
66,2022-02-18,2022-03-30,2022-05-15
8506,2022-02-10,2022-03-28,2022-05-17
6603,2022-02-10,2022-03-28,2022-05-15
10,,,2022-05-12
3506,2022-02-10,2022-03-29,2022-05-15
70,2022-03-18,2022-04-24,2022-05-15
34,2022-02-25,,2022-05-15
5606,2022-02-14,2022-03-29,2022-05-15
10,,,2022-05-12
69,,,2022-05-12
32,,,2022-05-12
34,2022-02-25,2022-04-08,2022-05-15